,work_year,experience_level,employment_type,job_title,salary,salary_currency,salary_in_usd,employee_residence,remote_ratio,company_location,company_size
176,2021,Mid,Full Time,Data Scientist,58000,MXN,2859,MX,On-site,MX,S
238,2021,Entry,Full Time,Data Scientist,4000,USD,4000,VN,On-site,VN,M
185,2021,Mid,Full Time,Data Engineer,4000,USD,4000,IR,Fully Remote,IR,M
77,2021,Mid,Part Time,3D Computer Vision Researcher,400000,INR,5409,IN,Partially Remote,IN,M
179,2021,Mid,Full Time,Data Scientist,420000,INR,5679,IN,Fully Remote,US,S
18,2020,Entry,Full Time,Data Science Consultant,423000,INR,5707,IN,Partially Remote,IN,M
213,2021,Entry,Full Time,Big Data Engineer,435000,INR,5882,IN,On-site,CH,L
50,2020,Entry,Full Time,Data Analyst,450000,INR,6072,IN,On-site,IN,S
21,2020,Mid,Full Time,Product Data Analyst,450000,INR,6072,IN,Fully Remote,IN,L
15,2020,Mid,Full Time,Data Analyst,8000,USD,8000,PK,Partially Remote,PK,L
196,2021,Entry,Full Time,BI Data Analyst,9272,USD,9272,KE,Fully Remote,KE,S
127,2021,Mid,Full Time,Data Scientist,700000,INR,9466,IN,On-site,IN,S
521,2022,Entry,Full Time,Computer Vision Engineer,10000,USD,10000,PT,Fully Remote,LU,M
38,2020,Entry,Full Time,Data Analyst,10000,USD,10000,NG,Fully Remote,NG,S
124,2021,Entry,Part Time,Data Analyst,8760,EUR,10354,ES,Partially Remote,ES,M
96,2021,Entry,Part Time,AI Scientist,12000,USD,12000,BR,Fully Remote,US,S
184,2021,Mid,Freelance,Machine Learning Scientist,12000,USD,12000,PK,Partially Remote,PK,M
113,2021,Entry,Part Time,AI Scientist,12000,USD,12000,PK,Fully Remote,US,M
247,2021,Mid,Full Time,Data Engineer,108000,TRY,12103,TR,On-site,TR,M
205,2021,Mid,Full Time,Data Scientist,69600,BRL,12901,BR,On-site,BR,S
153,2021,Entry,Full Time,Data Scientist,13400,USD,13400,UA,Fully Remote,UA,L
45,2020,Entry,Part Time,ML Engineer,14000,EUR,15966,DE,Fully Remote,DE,S
230,2021,Entry,Full Time,Big Data Engineer,1200000,INR,16228,IN,Fully Remote,IN,L
262,2021,Mid,Full Time,Data Scientist,1250000,INR,16904,IN,Fully Remote,IN,S
192,2021,Mid,Full Time,Big Data Engineer,18000,USD,18000,MD,On-site,MD,S
244,2021,Entry,Full Time,AI Scientist,1335000,INR,18053,IN,Fully Remote,AS,S
463,2022,Entry,Full Time,Data Scientist,1400000,INR,18442,IN,Fully Remote,IN,M
458,2022,Mid,Full Time,Business Data Analyst,1400000,INR,18442,IN,Fully Remote,IN,M
271,2021,Senior,Full Time,Computer Vision Engineer,102000,BRL,18907,BR,On-site,BR,M
92,2021,Mid,Full Time,Lead Data Analyst,1450000,INR,19609,IN,Fully Remote,IN,L
514,2022,Entry,Full Time,Data Analytics Engineer,20000,USD,20000,PK,On-site,PK,M
3,2020,Mid,Full Time,Product Data Analyst,20000,USD,20000,HN,On-site,HN,S
522,2022,Mid,Full Time,Data Analyst,20000,USD,20000,GR,Fully Remote,GR,S
208,2021,Mid,Freelance,Data Engineer,20000,USD,20000,IT,On-site,US,L
128,2021,Entry,Full Time,Machine Learning Engineer,20000,USD,20000,IN,Fully Remote,IN,S
278,2021,Senior,Full Time,Data Scientist,180000,TRY,20171,TR,Partially Remote,TR,L
239,2021,Entry,Full Time,Data Engineer,1600000,INR,21637,IN,Partially Remote,IN,M
62,2020,Entry,Part Time,Data Scientist,19000,EUR,21669,IT,Partially Remote,IT,S
191,2021,Entry,Full Time,Machine Learning Engineer,21844,USD,21844,CO,Partially Remote,CO,M
449,2022,Entry,Full Time,ML Engineer,20000,EUR,21983,PT,Fully Remote,PT,L
180,2021,Mid,Full Time,Big Data Engineer,1672000,INR,22611,IN,On-site,IN,L
133,2021,Senior,Full Time,Computer Vision Engineer,24000,USD,24000,BR,Fully Remote,BR,M
197,2021,Senior,Full Time,Machine Learning Engineer,1799997,INR,24342,IN,Fully Remote,IN,L
214,2021,Entry,Full Time,Machine Learning Engineer,21000,EUR,24823,DE,Partially Remote,DE,M
210,2021,Mid,Full Time,Machine Learning Engineer,21000,EUR,24823,SI,Partially Remote,SI,L
579,2022,Senior,Full Time,Data Engineer,25000,USD,25000,US,Fully Remote,US,M
264,2021,Mid,Full Time,Data Scientist,21600,EUR,25532,RS,Fully Remote,DE,S
182,2021,Mid,Full Time,Data Engineer,22000,EUR,26005,RO,On-site,US,L
268,2021,Mid,Full Time,Data Engineer,250000,TRY,28016,TR,Fully Remote,TR,M
162,2021,Mid,Full Time,Data Engineer,24000,EUR,28369,MT,Partially Remote,MT,L
253,2021,Entry,Full Time,Data Scientist,2100000,INR,28399,IN,Fully Remote,IN,M
85,2021,Mid,Full Time,Data Engineer,110000,PLN,28476,PL,Fully Remote,PL,L
216,2021,Entry,Part Time,Computer Vision Engineer,180000,DKK,28609,DK,Partially Remote,DK,S
94,2021,Entry,Full Time,Data Scientist,2200000,INR,29751,IN,Partially Remote,IN,L
109,2021,Entry,Full Time,Data Engineer,2250000,INR,30428,IN,Fully Remote,IN,L
459,2022,Mid,Full Time,Data Scientist,2400000,INR,31615,IN,Fully Remote,IN,L
489,2022,Entry,Contract,Applied Machine Learning Scientist,29000,EUR,31875,TN,Fully Remote,CZ,M
431,2022,Mid,Full Time,Data Analyst,30000,EUR,32974,ES,Fully Remote,ES,M
501,2022,Mid,Full Time,Head of Data,30000,EUR,32974,EE,Fully Remote,EE,S
441,2022,Mid,Full Time,Data Analyst,30000,EUR,32974,GR,Fully Remote,GR,M
27,2020,Senior,Full Time,Data Engineer,720000,MXN,33511,MX,On-site,MX,S
222,2021,Mid,Full Time,Data Scientist,2500000,INR,33808,IN,On-site,IN,M
492,2022,Mid,Full Time,Data Scientist,150000,PLN,35590,PL,Fully Remote,PL,L
7,2020,Mid,Full Time,Data Scientist,11000000,HUF,35735,HU,Partially Remote,HU,L
102,2021,Mid,Full Time,BI Data Analyst,11000000,HUF,36259,HU,Partially Remote,US,L
246,2021,Entry,Full Time,Data Scientist,31000,EUR,36643,FR,Partially Remote,FR,L
455,2022,Mid,Full Time,NLP Engineer,240000,CNY,37236,US,Partially Remote,US,L
386,2022,Entry,Full Time,Machine Learning Engineer,28500,GBP,37300,GB,Fully Remote,GB,L
202,2021,Mid,Full Time,Data Scientist,32000,EUR,37825,ES,Fully Remote,ES,L
132,2021,Mid,Full Time,Applied Machine Learning Scientist,38400,USD,38400,VN,Fully Remote,US,M
56,2020,Mid,Full Time,Data Scientist,34000,EUR,38776,ES,Fully Remote,ES,M
312,2022,Mid,Full Time,Data Scientist,30000,GBP,39263,GB,On-site,GB,M
429,2022,Mid,Full Time,Data Analyst,30000,GBP,39263,GB,Fully Remote,GB,M
12,2020,Entry,Full Time,Data Scientist,35000,EUR,39916,FR,On-site,FR,M
502,2022,Entry,Full Time,Data Scientist,40000,USD,40000,JP,Fully Remote,MY,L
177,2021,Mid,Full Time,Data Scientist,30400000,CLP,40038,CL,Fully Remote,CL,L
117,2021,Mid,Full Time,Data Science Engineer,34000,EUR,40189,GR,Fully Remote,GR,M
11,2020,Mid,Full Time,Data Scientist,3000000,INR,40481,IN,On-site,IN,L
129,2021,Senior,Full Time,Lead Data Scientist,3000000,INR,40570,IN,Partially Remote,IN,L
16,2020,Entry,Full Time,Data Engineer,4450000,JPY,41689,JP,Fully Remote,JP,S
26,2020,Entry,Full Time,Research Scientist,42000,USD,42000,NL,Partially Remote,NL,L
71,2020,Mid,Full Time,Data Scientist,37000,EUR,42197,FR,Partially Remote,FR,S
20,2020,Mid,Full Time,Machine Learning Engineer,299000,CNY,43331,CN,On-site,CN,M
440,2022,Mid,Full Time,Data Analyst,40000,EUR,43966,GR,Fully Remote,GR,M
430,2022,Mid,Full Time,Data Analyst,40000,EUR,43966,ES,Fully Remote,ES,M
114,2021,Mid,Full Time,Data Engineer,38400,EUR,45391,NL,Fully Remote,NL,L
64,2020,Senior,Full Time,Machine Learning Engineer,40000,EUR,45618,HR,Fully Remote,HR,S
40,2020,Mid,Full Time,Data Scientist,45760,USD,45760,PH,Fully Remote,US,S
316,2022,Entry,Full Time,Data Engineer,35000,GBP,45807,GB,Fully Remote,GB,M
411,2022,Mid,Full Time,Data Scientist,35000,GBP,45807,GB,On-site,GB,M
586,2022,Mid,Full Time,Data Analyst,35000,GBP,45807,GB,On-site,GB,M
52,2020,Entry,Full Time,AI Scientist,300000,DKK,45896,DK,Partially Remote,DK,S
220,2021,Mid,Full Time,Machine Learning Engineer,180000,PLN,46597,PL,Fully Remote,PL,L
34,2020,Mid,Full Time,Data Analyst,41000,EUR,46759,FR,Partially Remote,FR,L
237,2021,Mid,Full Time,Data Scientist,39600,EUR,46809,ES,Fully Remote,ES,M
83,2021,Mid,Full Time,Machine Learning Engineer,40000,EUR,47282,ES,Fully Remote,ES,S
22,2020,Senior,Full Time,Data Engineer,42000,EUR,47899,GR,Partially Remote,GR,L
515,2022,Mid,Full Time,Data Scientist,48000,USD,48000,RU,Fully Remote,US,S
66,2020,Entry,Full Time,Data Scientist,43200,EUR,49268,DE,On-site,DE,S
427,2022,Mid,Full Time,Data Engineer,45000,EUR,49461,ES,Fully Remote,ES,M
413,2022,Mid,Full Time,Data Engineer,45000,EUR,49461,GR,Fully Remote,GR,M
131,2021,Entry,Full Time,Data Scientist,42000,EUR,49646,FR,Partially Remote,FR,M
203,2021,Senior,Full Time,Research Scientist,50000,USD,50000,FR,Fully Remote,US,S
116,2021,Mid,Full Time,Data Scientist,50000,USD,50000,NG,Fully Remote,NG,L
122,2021,Entry,Full Time,Data Analyst,50000,USD,50000,US,Fully Remote,US,M
186,2021,Senior,Full Time,Data Analytics Engineer,50000,USD,50000,VN,Fully Remote,GB,M
471,2022,Mid,Full Time,Data Analyst,50000,USD,50000,US,Fully Remote,US,M
42,2020,Mid,Full Time,Machine Learning Infrastructure Engineer,44000,EUR,50180,PT,On-site,PT,M
288,2021,Mid,Full Time,Machine Learning Engineer,43200,EUR,51064,IT,Partially Remote,IT,L
10,2020,Entry,Full Time,Data Scientist,45000,EUR,51321,FR,On-site,FR,S
105,2021,Mid,Full Time,Data Analyst,37456,GBP,51519,GB,Partially Remote,GB,L
601,2022,Entry,Full Time,Data Analyst,52000,USD,52000,CA,On-site,CA,M
314,2022,Mid,Full Time,Data Engineer,40000,GBP,52351,GB,On-site,GB,M
408,2022,Mid,Full Time,Data Analyst,40000,GBP,52351,GB,Fully Remote,GB,M
304,2022,Entry,Full Time,Data Engineer,40000,GBP,52351,GB,Fully Remote,GB,M
499,2022,Entry,Full Time,Data Scientist,66500,CAD,52396,CA,Fully Remote,CA,L
75,2021,Senior,Full Time,Data Scientist,45000,EUR,53192,FR,Partially Remote,FR,L
565,2022,Senior,Full Time,Data Engineer,54000,USD,54000,US,On-site,US,M
198,2021,Senior,Full Time,Data Science Manager,4000000,INR,54094,IN,Partially Remote,US,L
82,2021,Mid,Full Time,Applied Data Scientist,68000,CAD,54238,GB,Partially Remote,CA,L
53,2020,Entry,Full Time,Data Engineer,48000,EUR,54742,PK,Fully Remote,DE,L
462,2022,Mid,Part Time,Data Engineer,50000,EUR,54957,DE,Partially Remote,DE,L
374,2022,Mid,Full Time,ETL Developer,50000,EUR,54957,GR,On-site,GR,M
373,2022,Mid,Full Time,ETL Developer,50000,EUR,54957,GR,On-site,GR,M
277,2021,Senior,Full Time,AI Scientist,55000,USD,55000,ES,Fully Remote,ES,L
168,2021,Entry,Full Time,BI Data Analyst,55000,USD,55000,US,Partially Remote,US,S
19,2020,Mid,Full Time,Lead Data Engineer,56000,USD,56000,PT,Fully Remote,US,M
223,2021,Mid,Full Time,Data Scientist,40900,GBP,56256,GB,Partially Remote,GB,L
211,2021,Mid,Full Time,Research Scientist,48000,EUR,56738,FR,Partially Remote,FR,S
276,2021,Entry,Full Time,Data Scientist,58000,USD,58000,US,Partially Remote,US,L
406,2022,Mid,Full Time,Data Analyst,58000,USD,58000,US,On-site,US,S
367,2022,Mid,Full Time,Data Analyst,58000,USD,58000,US,On-site,US,S
496,2022,Entry,Full Time,Data Engineer,52800,EUR,58035,PK,Fully Remote,DE,M
460,2022,Mid,Full Time,Machine Learning Infrastructure Engineer,53000,EUR,58255,PT,Partially Remote,PT,L
415,2022,Mid,Full Time,Data Engineer,45000,GBP,58894,GB,Fully Remote,GB,M
279,2021,Entry,Full Time,Business Data Analyst,50000,EUR,59102,LU,Fully Remote,LU,L
86,2021,Entry,Full Time,Data Analyst,50000,EUR,59102,FR,Partially Remote,FR,M
30,2020,Mid,Full Time,Data Engineering Manager,51999,EUR,59303,DE,Fully Remote,DE,S
172,2021,Entry,Full Time,Data Analyst,60000,USD,60000,US,Fully Remote,US,S
417,2022,Senior,Full Time,Data Science Engineer,60000,USD,60000,AR,Fully Remote,MX,L
54,2020,Senior,Freelance,Computer Vision Engineer,60000,USD,60000,RU,Fully Remote,US,S
120,2021,Mid,Full Time,Big Data Engineer,60000,USD,60000,ES,Partially Remote,RO,M
589,2022,Senior,Full Time,Data Analyst,60000,USD,60000,US,Fully Remote,US,M
174,2021,Senior,Full Time,Research Scientist,51400,EUR,60757,PT,Partially Remote,PT,L
363,2022,Senior,Full Time,Data Analyst,61300,USD,61300,CA,Fully Remote,CA,M
361,2022,Senior,Full Time,Data Analyst,61300,USD,61300,CA,Fully Remote,CA,M
200,2021,Mid,Full Time,Data Scientist,52000,EUR,61467,DE,Partially Remote,AT,M
183,2021,Senior,Full Time,Finance Data Analyst,45000,GBP,61896,GB,Partially Remote,GB,L
103,2021,Mid,Full Time,Data Analyst,62000,USD,62000,US,On-site,US,L
146,2021,Mid,Full Time,Research Scientist,53000,EUR,62649,FR,Partially Remote,FR,M
500,2022,Senior,Full Time,Machine Learning Engineer,57000,EUR,62651,NL,Fully Remote,NL,L
65,2020,Entry,Full Time,Data Scientist,55000,EUR,62726,DE,Partially Remote,DE,S
70,2020,Mid,Full Time,Data Scientist,55000,EUR,62726,FR,Partially Remote,LU,S
136,2021,Mid,Full Time,ML Engineer,7000000,JPY,63711,JP,Partially Remote,JP,S
236,2021,Mid,Full Time,Research Scientist,80000,CAD,63810,CA,Fully Remote,CA,M
261,2021,Senior,Full Time,Data Analyst,54000,EUR,63831,DE,Partially Remote,DE,L
163,2021,Entry,Full Time,Data Science Consultant,54000,EUR,63831,DE,Partially Remote,DE,L
418,2022,Mid,Full Time,Data Engineer,63900,USD,63900,US,On-site,US,M
507,2022,Mid,Full Time,Research Scientist,59000,EUR,64849,AT,On-site,AT,L
481,2022,Senior,Full Time,Machine Learning Engineer,65000,USD,65000,AE,Fully Remote,AE,S
512,2022,Entry,Full Time,Data Engineer,65000,USD,65000,US,Fully Remote,US,S
269,2021,Entry,Full Time,Data Engineer,55000,EUR,65013,DE,Partially Remote,DE,M
311,2022,Mid,Full Time,Data Scientist,50000,GBP,65438,GB,On-site,GB,M
355,2022,Senior,Full Time,Data Engineer,50000,GBP,65438,GB,On-site,GB,M
567,2022,Mid,Full Time,Data Analyst,50000,GBP,65438,GB,On-site,GB,M
412,2022,Mid,Full Time,Data Engineer,60000,EUR,65949,GR,Fully Remote,GR,M
436,2022,Mid,Full Time,Data Engineer,60000,EUR,65949,ES,Fully Remote,ES,M
212,2021,Mid,Full Time,Data Engineer,48000,GBP,66022,HK,Partially Remote,GB,S
263,2021,Senior,Full Time,Machine Learning Engineer,4900000,INR,66265,IN,On-site,IN,L
600,2022,Entry,Full Time,Data Analyst,67000,USD,67000,CA,On-site,CA,M
517,2022,Mid,Full Time,Data Engineer,62000,EUR,68147,FR,Fully Remote,FR,M
32,2020,Senior,Full Time,Data Scientist,60000,EUR,68428,GR,Fully Remote,US,L
573,2022,Senior,Full Time,Data Analyst,69000,USD,69000,US,Fully Remote,US,M
520,2022,Mid,Full Time,Data Scientist,88000,CAD,69336,CA,Fully Remote,CA,M
187,2021,Executive,Full Time,Data Science Consultant,59000,EUR,69741,FR,Fully Remote,ES,S
282,2021,Mid,Part Time,Data Engineer,59000,EUR,69741,NL,Fully Remote,NL,L
284,2021,Mid,Full Time,Research Scientist,69999,USD,69999,CZ,Partially Remote,CZ,L
31,2020,Entry,Full Time,Big Data Engineer,70000,USD,70000,US,Fully Remote,US,L
98,2021,Entry,Full Time,Computer Vision Software Engineer,70000,USD,70000,US,Fully Remote,US,M
49,2020,Mid,Full Time,Data Engineer,61500,EUR,70139,FR,Partially Remote,FR,L
557,2022,Senior,Full Time,Data Engineer,70500,USD,70500,US,On-site,US,M
511,2022,Mid,Full Time,Business Data Analyst,90000,CAD,70912,CA,Partially Remote,CA,L
513,2022,Senior,Full Time,Machine Learning Engineer,65000,EUR,71444,IE,Fully Remote,IE,S
229,2021,Senior,Full Time,Data Analyst,90000,CAD,71786,CA,Fully Remote,CA,M
410,2022,Mid,Full Time,Data Scientist,55000,GBP,71982,GB,On-site,GB,M
5,2020,Entry,Full Time,Data Analyst,72000,USD,72000,US,Fully Remote,US,L
245,2021,Mid,Full Time,Data Engineer,52500,GBP,72212,GB,Partially Remote,GB,L
270,2021,Entry,Full Time,Data Engineer,72500,USD,72500,US,Fully Remote,US,L
104,2021,Mid,Full Time,Data Scientist,73000,USD,73000,US,On-site,US,L
189,2021,Mid,Full Time,Machine Learning Engineer,74000,USD,74000,JP,Partially Remote,JP,S
35,2020,Mid,Full Time,Data Engineer,65000,EUR,74130,AT,Partially Remote,AT,L
531,2022,Mid,Full Time,Data Analyst,75000,USD,75000,CA,On-site,CA,M
506,2022,Mid,Full Time,Applied Machine Learning Scientist,75000,USD,75000,BO,Fully Remote,US,L
100,2021,Mid,Full Time,Data Analyst,75000,USD,75000,US,On-site,US,L
491,2022,Mid,Full Time,Principal Data Analyst,75000,USD,75000,CA,Fully Remote,CA,S
152,2021,Mid,Full Time,Data Scientist,95000,CAD,75774,CA,Fully Remote,CA,L
91,2021,Entry,Full Time,Data Science Consultant,65000,EUR,76833,DE,Fully Remote,DE,S
272,2021,Entry,Full Time,Data Science Consultant,65000,EUR,76833,DE,On-site,DE,L
188,2021,Senior,Full Time,Data Engineer,65000,EUR,76833,RO,Partially Remote,GB,S
433,2022,Mid,Full Time,Data Engineer,70000,EUR,76940,ES,Fully Remote,ES,M
445,2022,Mid,Full Time,Data Engineer,70000,EUR,76940,GR,Fully Remote,GR,M
46,2020,Mid,Full Time,Data Scientist,60000,GBP,76958,GB,Fully Remote,GB,S
137,2021,Mid,Full Time,ML Engineer,8500000,JPY,77364,JP,Partially Remote,JP,S
274,2021,Senior,Full Time,Data Scientist,65720,EUR,77684,FR,Partially Remote,FR,M
526,2022,Mid,Full Time,Data Scientist,78000,USD,78000,US,Fully Remote,US,M
354,2022,Senior,Full Time,Data Engineer,60000,GBP,78526,GB,On-site,GB,M
313,2022,Mid,Full Time,Data Engineer,60000,GBP,78526,GB,On-site,GB,M
443,2022,Mid,Full Time,Data Engineer,60000,GBP,78526,GB,Fully Remote,GB,M
414,2022,Mid,Full Time,Data Engineer,60000,GBP,78526,GB,Fully Remote,GB,M
493,2022,Senior,Full Time,Machine Learning Developer,100000,CAD,78791,CA,Fully Remote,CA,M
451,2022,Mid,Full Time,Machine Learning Developer,100000,CAD,78791,CA,Fully Remote,CA,M
384,2022,Executive,Full Time,Head of Machine Learning,6000000,INR,79039,IN,Partially Remote,IN,L
80,2021,Senior,Full Time,Data Analytics Engineer,67000,EUR,79197,DE,Fully Remote,DE,L
0,2020,Mid,Full Time,Data Scientist,70000,EUR,79833,DE,On-site,DE,L
41,2020,Executive,Full Time,Data Engineering Manager,70000,EUR,79833,ES,Partially Remote,ES,L
139,2021,Entry,Full Time,Data Scientist,80000,USD,80000,US,Fully Remote,US,M
166,2021,Entry,Full Time,Data Engineer,80000,USD,80000,US,Fully Remote,US,L
450,2022,Senior,Full Time,Data Engineer,80000,USD,80000,US,Fully Remote,US,M
424,2022,Senior,Full Time,Data Scientist,80000,USD,80000,US,On-site,US,M
79,2021,Entry,Full Time,Data Analyst,80000,USD,80000,US,Fully Remote,US,M
568,2022,Senior,Full Time,Data Analyst,80000,USD,80000,US,Fully Remote,US,M
241,2021,Mid,Full Time,Data Analyst,80000,USD,80000,US,Fully Remote,US,L
89,2021,Senior,Full Time,Data Analyst,80000,USD,80000,BG,Fully Remote,US,S
178,2021,Entry,Full Time,Machine Learning Engineer,81000,USD,81000,US,Partially Remote,US,S
403,2022,Senior,Full Time,Data Analyst,81666,USD,81666,US,On-site,US,M
541,2022,Senior,Full Time,Data Analyst,81666,USD,81666,US,Fully Remote,US,M
143,2021,Mid,Full Time,Data Scientist,82500,USD,82500,US,Fully Remote,US,S
171,2021,Mid,Full Time,Data Engineer,60000,GBP,82528,GB,Fully Remote,GB,L
72,2021,Entry,Full Time,Research Scientist,60000,GBP,82528,GB,Partially Remote,GB,L
145,2021,Senior,Full Time,Machine Learning Engineer,70000,EUR,82744,BE,Partially Remote,BE,M
425,2022,Mid,Full Time,Data Engineer,82900,USD,82900,US,On-site,US,M
297,2022,Senior,Full Time,Data Analyst,84900,USD,84900,US,Fully Remote,US,M
273,2021,Entry,Full Time,Machine Learning Engineer,85000,USD,85000,NL,Fully Remote,DE,S
530,2022,Mid,Full Time,Data Analyst,85000,USD,85000,CA,On-site,CA,M
14,2020,Mid,Full Time,Data Analyst,85000,USD,85000,US,Fully Remote,US,L
161,2021,Executive,Full Time,Head of Data Science,85000,USD,85000,RU,On-site,RU,M
505,2022,Entry,Full Time,Data Scientist,120000,AUD,86703,AU,Partially Remote,AU,M
13,2020,Mid,Full Time,Lead Data Analyst,87000,USD,87000,US,Fully Remote,US,L
503,2022,Mid,Full Time,Machine Learning Engineer,121000,AUD,87425,AU,Fully Remote,AU,L
226,2021,Senior,Full Time,Data Scientist,110000,CAD,87738,CA,Fully Remote,CA,S
457,2022,Senior,Full Time,Lead Machine Learning Engineer,80000,EUR,87932,DE,On-site,DE,M
432,2022,Mid,Full Time,Data Engineer,80000,EUR,87932,ES,Fully Remote,ES,M
396,2022,Mid,Full Time,Machine Learning Engineer,80000,EUR,87932,FR,Fully Remote,DE,M
437,2022,Mid,Full Time,Data Engineer,80000,EUR,87932,GR,Fully Remote,GR,M
218,2021,Mid,Full Time,Machine Learning Engineer,75000,EUR,88654,BE,Fully Remote,BE,M
227,2021,Mid,Full Time,Data Scientist,75000,EUR,88654,DE,Partially Remote,DE,L
90,2021,Senior,Full Time,Marketing Data Analyst,75000,EUR,88654,GR,Fully Remote,DK,L
95,2021,Mid,Full Time,Cloud Data Engineer,120000,SGD,89294,SG,Partially Remote,SG,L
251,2021,Entry,Full Time,Data Scientist,90000,USD,90000,US,Fully Remote,US,S
293,2022,Mid,Full Time,Data Scientist,90000,USD,90000,US,On-site,US,M
147,2021,Mid,Full Time,Data Engineer,90000,USD,90000,US,Fully Remote,US,L
135,2021,Mid,Full Time,Data Analyst,90000,USD,90000,US,Fully Remote,US,M
118,2021,Entry,Full Time,Data Analyst,90000,USD,90000,US,Fully Remote,US,S
199,2021,Entry,Full Time,Data Science Consultant,90000,USD,90000,US,Fully Remote,US,S
333,2022,Senior,Full Time,Data Analyst,90320,USD,90320,US,Fully Remote,US,M
393,2022,Senior,Full Time,Data Analyst,90320,USD,90320,US,Fully Remote,US,M
318,2022,Senior,Full Time,Data Analyst,90320,USD,90320,US,Fully Remote,US,M
529,2022,Senior,Full Time,Data Analyst,90320,USD,90320,US,Fully Remote,US,M
331,2022,Senior,Full Time,Data Analyst,90320,USD,90320,US,Fully Remote,US,M
359,2022,Senior,Full Time,Data Architect,90700,USD,90700,CA,Fully Remote,CA,M
181,2021,Mid,Full Time,Data Scientist,76760,EUR,90734,DE,Partially Remote,DE,L
217,2021,Mid,Full Time,Data Scientist,76760,EUR,90734,DE,Partially Remote,DE,L
51,2020,Entry,Full Time,Data Analyst,91000,USD,91000,US,Fully Remote,US,L
69,2020,Senior,Full Time,Data Scientist,80000,EUR,91237,AT,On-site,AT,S
435,2022,Mid,Full Time,Data Engineer,70000,GBP,91614,GB,Fully Remote,GB,M
475,2022,Mid,Full Time,Data Scientist,70000,GBP,91614,GB,On-site,GB,M
254,2021,Mid,Full Time,Data Analyst,93000,USD,93000,US,Fully Remote,US,L
266,2021,Mid,Full Time,Data Engineer,93150,USD,93150,US,On-site,US,M
498,2022,Senior,Full Time,Research Scientist,85000,EUR,93427,FR,Partially Remote,FR,L
383,2022,Senior,Full Time,Data Analyst,93700,USD,93700,US,Fully Remote,US,M
341,2022,Senior,Full Time,Data Engineer,93700,USD,93700,US,Fully Remote,US,M
110,2021,Senior,Full Time,Machine Learning Engineer,80000,EUR,94564,DE,Partially Remote,DE,L
285,2021,Senior,Full Time,Data Science Manager,7000000,INR,94665,IN,Partially Remote,IN,L
347,2022,Senior,Full Time,Data Scientist,95550,USD,95550,US,On-site,US,M
99,2021,Mid,Full Time,Computer Vision Software Engineer,81000,EUR,95746,DE,Fully Remote,US,S
194,2021,Senior,Full Time,Research Scientist,120500,CAD,96113,CA,Partially Remote,CA,L
248,2021,Senior,Full Time,Data Engineer,70000,GBP,96282,GB,Partially Remote,GB,L
23,2020,Mid,Full Time,BI Data Analyst,98000,USD,98000,US,On-site,US,M
390,2022,Mid,Full Time,Machine Learning Engineer,75000,GBP,98158,GB,On-site,GB,M
405,2022,Mid,Full Time,Data Engineer,75000,GBP,98158,GB,On-site,GB,M
442,2022,Mid,Full Time,Data Engineer,75000,GBP,98158,GB,Fully Remote,GB,M
588,2022,Senior,Full Time,Data Analyst,99000,USD,99000,US,On-site,US,M
305,2022,Senior,Full Time,Data Analyst,99000,USD,99000,US,On-site,US,M
548,2022,Senior,Full Time,Data Analyst,99050,USD,99050,US,Fully Remote,US,M
543,2022,Mid,Full Time,Data Engineer,99100,USD,99100,US,On-site,US,M
299,2022,Senior,Full Time,Data Scientist,99360,USD,99360,US,Fully Remote,US,M
255,2021,Senior,Full Time,Big Data Architect,125000,CAD,99703,CA,Partially Remote,CA,M
461,2022,Entry,Full Time,Financial Data Analyst,100000,USD,100000,US,Partially Remote,US,L
572,2022,Senior,Full Time,Data Analyst,100000,USD,100000,US,Fully Remote,US,M
488,2022,Mid,Freelance,Data Scientist,100000,USD,100000,CA,Fully Remote,US,M
28,2020,Entry,Contract,Business Data Analyst,100000,USD,100000,US,Fully Remote,US,L
281,2021,Entry,Full Time,Research Scientist,100000,USD,100000,JE,On-site,CN,L
468,2022,Senior,Full Time,Data Engineer,100000,USD,100000,US,Fully Remote,US,M
494,2022,Senior,Full Time,Data Scientist,100000,USD,100000,BR,Fully Remote,US,M
487,2022,Entry,Part Time,Data Scientist,100000,USD,100000,DZ,Partially Remote,DZ,M
275,2021,Entry,Full Time,Data Scientist,100000,USD,100000,US,Fully Remote,US,M
578,2022,Senior,Full Time,Data Engineer,100000,USD,100000,US,Fully Remote,US,M
144,2021,Mid,Full Time,Data Engineer,100000,USD,100000,US,Fully Remote,US,L
76,2021,Mid,Full Time,BI Data Analyst,100000,USD,100000,US,Fully Remote,US,M
134,2021,Entry,Full Time,Data Scientist,100000,USD,100000,US,On-site,US,S
528,2022,Senior,Full Time,Data Analyst,100000,USD,100000,US,Fully Remote,US,M
130,2021,Entry,Full Time,Machine Learning Developer,100000,USD,100000,IQ,Partially Remote,IQ,S
426,2022,Senior,Full Time,Data Engineer,100800,USD,100800,US,Fully Remote,US,L
381,2022,Senior,Full Time,Data Engineer,101570,USD,101570,US,Fully Remote,US,M
539,2022,Mid,Full Time,Data Scientist,102100,USD,102100,US,On-site,US,M
296,2022,Senior,Full Time,Data Analyst,102100,USD,102100,US,Fully Remote,US,M
286,2021,Senior,Full Time,Head of Data,87000,EUR,102839,SI,Fully Remote,SI,L
36,2020,Mid,Full Time,Data Science Consultant,103000,USD,103000,US,Fully Remote,US,L
112,2021,Senior,Full Time,Lead Data Engineer,75000,GBP,103160,GB,Fully Remote,GB,S
240,2021,Senior,Full Time,Data Scientist,130000,CAD,103691,CA,Fully Remote,CA,L
301,2022,Senior,Full Time,Data Scientist,80000,GBP,104702,GB,On-site,GB,M
434,2022,Mid,Full Time,Data Engineer,80000,GBP,104702,GB,Fully Remote,GB,M
467,2022,Senior,Full Time,Data Scientist,104890,USD,104890,US,Fully Remote,US,M
68,2020,Entry,Full Time,Data Scientist,105000,USD,105000,US,Fully Remote,US,S
584,2022,Senior,Full Time,Data Analyst,105000,USD,105000,US,Fully Remote,US,M
456,2022,Senior,Full Time,Data Engineer,105000,USD,105000,US,Fully Remote,US,M
48,2020,Mid,Full Time,Data Scientist,105000,USD,105000,US,Fully Remote,US,L
283,2021,Senior,Contract,Staff Data Scientist,105000,USD,105000,US,Fully Remote,US,M
395,2022,Senior,Full Time,Data Analytics Manager,105400,USD,105400,US,Fully Remote,US,M
43,2020,Mid,Full Time,Data Engineer,106000,USD,106000,US,Fully Remote,US,L
581,2022,Senior,Full Time,Data Analyst,106260,USD,106260,US,Fully Remote,US,M
307,2022,Mid,Full Time,Data Analyst,106260,USD,106260,US,On-site,US,M
346,2022,Senior,Full Time,Data Engineer,108800,USD,108800,US,On-site,US,M
287,2021,Mid,Full Time,Data Scientist,109000,USD,109000,US,Partially Remote,US,L
2,2020,Senior,Full Time,Big Data Engineer,85000,GBP,109024,GB,Partially Remote,GB,M
595,2022,Senior,Full Time,Data Analytics Manager,109280,USD,109280,US,Fully Remote,US,M
339,2022,Senior,Full Time,Data Analyst,109280,USD,109280,US,Fully Remote,US,M
242,2021,Mid,Full Time,Data Engineer,110000,USD,110000,US,Fully Remote,US,L
327,2022,Executive,Full Time,Data Analyst,110000,USD,110000,US,Fully Remote,US,M
235,2021,Mid,Full Time,Head of Data Science,110000,USD,110000,US,On-site,US,S
60,2020,Mid,Full Time,Data Engineer,110000,USD,110000,US,Fully Remote,US,L
87,2021,Mid,Full Time,Data Analytics Engineer,110000,USD,110000,US,Fully Remote,US,L
123,2021,Entry,Full Time,Applied Data Scientist,80000,GBP,110037,GB,On-site,GB,L
546,2022,Senior,Full Time,Data Engineer,110500,USD,110500,US,Fully Remote,US,M
585,2022,Senior,Full Time,Data Analyst,110925,USD,110925,US,Fully Remote,US,M
267,2021,Mid,Full Time,Data Engineer,111775,USD,111775,US,On-site,US,M
280,2021,Mid,Full Time,Data Engineer,112000,USD,112000,US,Fully Remote,US,L
420,2022,Mid,Full Time,Machine Learning Scientist,112300,USD,112300,US,Fully Remote,US,L
44,2020,Mid,Full Time,Data Engineer,88000,GBP,112872,GB,Partially Remote,GB,L
332,2022,Senior,Full Time,Data Analyst,112900,USD,112900,US,Fully Remote,US,M
392,2022,Senior,Full Time,Data Analyst,112900,USD,112900,US,Fully Remote,US,M
330,2022,Senior,Full Time,Data Analyst,112900,USD,112900,US,Fully Remote,US,M
536,2022,Senior,Full Time,Data Analyst,112900,USD,112900,US,Fully Remote,US,M
348,2022,Senior,Full Time,Data Engineer,113000,USD,113000,US,On-site,US,L
111,2021,Senior,Full Time,Director of Data Engineering,82500,GBP,113476,GB,Fully Remote,GB,M
17,2020,Senior,Full Time,Big Data Engineer,100000,EUR,114047,PL,Fully Remote,GB,S
504,2022,Senior,Full Time,Data Engineer,115000,USD,115000,US,Fully Remote,US,M
250,2021,Mid,Full Time,Data Scientist,115000,USD,115000,US,Partially Remote,US,L
545,2022,Senior,Full Time,Data Engineer,115000,USD,115000,US,Fully Remote,US,M
24,2020,Mid,Full Time,Lead Data Scientist,115000,USD,115000,AE,On-site,AE,L
107,2021,Senior,Full Time,Data Engineer,115000,USD,115000,US,Fully Remote,US,S
329,2022,Mid,Full Time,Data Analyst,115500,USD,115500,US,Fully Remote,US,M
402,2022,Senior,Full Time,Data Analyst,115934,USD,115934,US,On-site,US,M
540,2022,Senior,Full Time,Data Analyst,115934,USD,115934,US,Fully Remote,US,M
306,2022,Senior,Full Time,Data Analyst,116000,USD,116000,US,On-site,US,M
564,2022,Senior,Full Time,Data Analyst,116150,USD,116150,US,Fully Remote,US,M
221,2021,Mid,Full Time,Data Scientist,85000,GBP,116914,GB,Partially Remote,GB,L
29,2020,Senior,Full Time,Machine Learning Manager,157000,CAD,117104,CA,Partially Remote,CA,L
397,2022,Mid,Full Time,Data Engineer,90000,GBP,117789,GB,On-site,GB,M
300,2022,Senior,Full Time,Data Scientist,90000,GBP,117789,GB,On-site,GB,M
57,2020,Mid,Full Time,Data Scientist,118000,USD,118000,US,Fully Remote,US,M
375,2022,Executive,Full Time,Lead Data Engineer,150000,CAD,118187,CA,Fully Remote,CA,S
156,2021,Mid,Full Time,Data Scientist,160000,SGD,119059,SG,Fully Remote,IL,M
508,2022,Entry,Full Time,Research Scientist,120000,USD,120000,US,Fully Remote,US,L
209,2021,Senior,Full Time,Data Analytics Manager,120000,USD,120000,US,On-site,US,L
58,2020,Senior,Full Time,Data Scientist,120000,USD,120000,US,Partially Remote,US,L
391,2022,Mid,Full Time,AI Scientist,120000,USD,120000,US,On-site,US,M
126,2021,Senior,Full Time,Machine Learning Scientist,120000,USD,120000,US,Partially Remote,US,S
453,2022,Mid,Full Time,Machine Learning Engineer,120000,USD,120000,US,Fully Remote,US,S
324,2022,Senior,Full Time,Data Scientist,120000,USD,120000,US,On-site,US,L
158,2021,Senior,Full Time,Data Analytics Manager,120000,USD,120000,US,Fully Remote,US,M
480,2022,Senior,Full Time,Machine Learning Engineer,120000,USD,120000,AE,Fully Remote,AE,S
479,2022,Mid,Full Time,Data Scientist,120000,USD,120000,US,Fully Remote,US,M
465,2022,Entry,Full Time,Data Engineer,120000,USD,120000,US,Fully Remote,US,M
485,2022,Senior,Full Time,Machine Learning Engineer,120000,USD,120000,US,Fully Remote,US,M
317,2022,Senior,Full Time,Data Scientist,120160,USD,120160,US,Fully Remote,US,M
291,2022,Senior,Full Time,Data Analyst,120600,USD,120600,US,Fully Remote,US,M
518,2022,Mid,Full Time,Data Scientist,115000,CHF,122346,CH,On-site,CH,L
353,2022,Senior,Full Time,Data Scientist,123000,USD,123000,US,Fully Remote,US,M
370,2022,Senior,Full Time,Data Scientist,123000,USD,123000,US,Fully Remote,US,M
303,2022,Senior,Full Time,Data Scientist,123000,USD,123000,US,Fully Remote,US,M
325,2022,Senior,Full Time,Data Analyst,124190,USD,124190,US,Fully Remote,US,M
389,2022,Mid,Full Time,Machine Learning Engineer,95000,GBP,124333,GB,On-site,GB,M
454,2022,Entry,Full Time,Computer Vision Engineer,125000,USD,125000,US,On-site,US,M
159,2021,Entry,Full Time,Machine Learning Engineer,125000,USD,125000,US,Fully Remote,US,S
9,2020,Senior,Full Time,Lead Data Engineer,125000,USD,125000,NZ,Partially Remote,NZ,S
603,2022,Senior,Full Time,Data Engineer,126000,USD,126000,US,Fully Remote,US,M
308,2022,Mid,Full Time,Data Analyst,126500,USD,126500,US,On-site,US,M
580,2022,Senior,Full Time,Data Analyst,126500,USD,126500,US,Fully Remote,US,M
155,2021,Senior,Full Time,Data Science Engineer,159500,CAD,127221,CA,Partially Remote,CA,L
382,2022,Senior,Full Time,Data Analyst,128875,USD,128875,US,Fully Remote,US,M
340,2022,Senior,Full Time,Data Engineer,128875,USD,128875,US,Fully Remote,US,M
604,2022,Senior,Full Time,Data Analyst,129000,USD,129000,US,On-site,US,M
544,2022,Senior,Full Time,Data Engineer,130000,USD,130000,US,Fully Remote,US,M
260,2021,Mid,Full Time,Data Scientist,130000,USD,130000,US,Partially Remote,US,L
599,2022,Mid,Full Time,Data Scientist,130000,USD,130000,US,Fully Remote,US,M
326,2022,Executive,Full Time,Data Analyst,130000,USD,130000,US,Fully Remote,US,M
362,2022,Senior,Full Time,Data Analyst,130000,USD,130000,CA,Fully Remote,CA,M
292,2022,Mid,Full Time,Data Scientist,130000,USD,130000,US,On-site,US,M
547,2022,Senior,Full Time,Data Engineer,130000,USD,130000,US,Fully Remote,US,M
360,2022,Senior,Full Time,Data Analyst,130000,USD,130000,CA,Fully Remote,CA,M
164,2021,Executive,Full Time,Director of Data Science,110000,EUR,130026,DE,Partially Remote,DE,M
61,2020,Mid,Full Time,Data Engineer,130800,USD,130800,ES,Fully Remote,US,M
376,2022,Senior,Full Time,Data Analyst,132000,USD,132000,US,On-site,US,M
385,2022,Senior,Full Time,Data Engineer,132320,USD,132320,US,Fully Remote,US,M
320,2022,Senior,Full Time,Data Engineer,132320,USD,132320,US,On-site,US,M
335,2022,Senior,Full Time,Data Engineer,132320,USD,132320,US,Fully Remote,US,M
8,2020,Mid,Full Time,Business Data Analyst,135000,USD,135000,US,Fully Remote,US,L
349,2022,Senior,Full Time,Data Analyst,135000,USD,135000,US,Fully Remote,US,M
527,2022,Senior,Full Time,Data Analyst,135000,USD,135000,US,Fully Remote,US,M
140,2021,Mid,Full Time,Data Analyst,135000,USD,135000,US,Fully Remote,US,L
524,2022,Mid,Full Time,Data Scientist,135000,USD,135000,US,Fully Remote,US,L
228,2021,Senior,Full Time,Data Scientist,135000,USD,135000,US,On-site,US,L
368,2022,Executive,Full Time,Analytics Engineer,135000,USD,135000,US,Fully Remote,US,M
470,2022,Mid,Full Time,Data Analyst,135000,USD,135000,US,Fully Remote,US,M
289,2022,Senior,Full Time,Data Engineer,135000,USD,135000,US,Fully Remote,US,M
366,2022,Senior,Full Time,Data Engineer,136000,USD,136000,US,On-site,US,M
338,2022,Senior,Full Time,Data Analyst,136600,USD,136600,US,Fully Remote,US,M
298,2022,Senior,Full Time,Data Scientist,136620,USD,136620,US,Fully Remote,US,M
380,2022,Senior,Full Time,Data Engineer,136994,USD,136994,US,Fully Remote,US,M
351,2022,Senior,Full Time,Data Science Manager,137141,USD,137141,US,Fully Remote,US,M
39,2020,Entry,Full Time,Machine Learning Engineer,138000,USD,138000,US,Fully Remote,US,S
59,2020,Mid,Full Time,Data Scientist,138350,USD,138350,US,Fully Remote,US,M
365,2022,Senior,Full Time,Data Scientist,138600,USD,138600,US,Fully Remote,US,M
469,2022,Senior,Full Time,Data Scientist,140000,USD,140000,US,Fully Remote,US,M
219,2021,Senior,Full Time,Data Analytics Manager,140000,USD,140000,US,Fully Remote,US,L
587,2022,Senior,Full Time,Data Scientist,140000,USD,140000,US,Fully Remote,US,M
575,2022,Senior,Full Time,Data Scientist,140000,USD,140000,US,Fully Remote,US,M
571,2022,Senior,Full Time,Data Scientist,140000,USD,140000,US,Fully Remote,US,M
569,2022,Senior,Full Time,Data Scientist,140000,USD,140000,US,Fully Remote,US,M
473,2022,Senior,Full Time,Data Scientist,140000,USD,140000,US,Fully Remote,US,M
81,2021,Mid,Full Time,Data Engineer,140000,USD,140000,US,Fully Remote,US,L
563,2022,Senior,Full Time,Data Engineer,140250,USD,140250,US,Fully Remote,US,M
559,2022,Senior,Full Time,Data Scientist,140400,USD,140400,US,On-site,US,M
428,2022,Senior,Full Time,Data Scientist,140400,USD,140400,US,On-site,US,L
551,2022,Senior,Full Time,Data Scientist,140400,USD,140400,US,On-site,US,L
538,2022,Mid,Full Time,Data Scientist,141300,USD,141300,US,On-site,US,M
259,2021,Executive,Full Time,Director of Data Science,120000,EUR,141846,DE,On-site,DE,L
154,2021,Senior,Full Time,Data Science Manager,144000,USD,144000,US,Fully Remote,US,L
466,2022,Senior,Full Time,Research Scientist,144000,USD,144000,US,Partially Remote,US,L
553,2022,Senior,Full Time,Data Scientist,144000,USD,144000,US,Fully Remote,US,M
591,2022,Senior,Full Time,Data Architect,144854,USD,144854,US,Fully Remote,US,M
394,2022,Senior,Full Time,Data Analytics Manager,145000,USD,145000,US,Fully Remote,US,M
556,2022,Senior,Full Time,Data Engineer,145000,USD,145000,US,Fully Remote,US,M
302,2022,Senior,Full Time,Data Scientist,146000,USD,146000,US,Fully Remote,US,M
195,2021,Mid,Full Time,Data Scientist,147000,USD,147000,US,Partially Remote,US,L
379,2022,Senior,Full Time,Data Architect,147800,USD,147800,US,Fully Remote,US,M
55,2020,Senior,Full Time,Principal Data Scientist,130000,EUR,148261,DE,Fully Remote,DE,M
169,2021,Mid,Full Time,Data Architect,150000,USD,150000,US,Fully Remote,US,L
151,2021,Mid,Full Time,Data Scientist,150000,USD,150000,US,Fully Remote,US,M
142,2021,Senior,Full Time,Data Engineering Manager,150000,USD,150000,US,On-site,US,L
4,2020,Senior,Full Time,Machine Learning Engineer,150000,USD,150000,US,Partially Remote,US,L
73,2021,Executive,Full Time,BI Data Analyst,150000,USD,150000,IN,Fully Remote,US,L
356,2022,Senior,Full Time,Data Scientist,150000,USD,150000,US,On-site,US,M
510,2022,Entry,Full Time,Computer Vision Software Engineer,150000,USD,150000,AU,Fully Remote,AU,S
101,2021,Senior,Full Time,Data Engineer,150000,USD,150000,US,Fully Remote,US,L
605,2022,Senior,Full Time,Data Analyst,150000,USD,150000,US,Fully Remote,US,M
108,2021,Senior,Full Time,Data Engineer,150000,USD,150000,US,Fully Remote,US,M
593,2022,Senior,Full Time,Data Scientist,150000,USD,150000,US,Fully Remote,US,M
295,2022,Mid,Full Time,Data Engineer,150000,USD,150000,US,Fully Remote,US,M
577,2022,Senior,Full Time,Data Analyst,150075,USD,150075,US,Fully Remote,US,M
594,2022,Senior,Full Time,Data Analytics Manager,150260,USD,150260,US,Fully Remote,US,M
125,2021,Mid,Full Time,Principal Data Scientist,151000,USD,151000,US,Fully Remote,US,L
190,2021,Senior,Full Time,Data Science Manager,152000,USD,152000,US,Fully Remote,FR,L
516,2022,Senior,Full Time,Data Science Manager,152500,USD,152500,US,Fully Remote,US,M
495,2022,Mid,Full Time,Machine Learning Scientist,153000,USD,153000,US,Partially Remote,US,M
148,2021,Senior,Full Time,Data Engineering Manager,153000,USD,153000,US,Fully Remote,US,L
84,2021,Executive,Full Time,Director of Data Science,130000,EUR,153667,IT,Fully Remote,PL,L
602,2022,Senior,Full Time,Data Engineer,154000,USD,154000,US,Fully Remote,US,M
401,2022,Senior,Full Time,Data Engineer,154600,USD,154600,US,Fully Remote,US,L
447,2022,Senior,Full Time,Data Engineer,154600,USD,154600,US,Fully Remote,US,L
537,2022,Senior,Full Time,Data Engineer,155000,USD,155000,US,Fully Remote,US,M
388,2022,Senior,Full Time,Data Engineer,155000,USD,155000,US,Fully Remote,US,M
290,2022,Senior,Full Time,Data Analyst,155000,USD,155000,US,Fully Remote,US,M
345,2022,Senior,Full Time,Data Engineer,156600,USD,156600,US,Fully Remote,US,M
509,2022,Mid,Full Time,Applied Data Scientist,157000,USD,157000,US,Fully Remote,US,L
399,2022,Senior,Full Time,Data Scientist,158200,USD,158200,US,Fully Remote,US,L
422,2022,Mid,Full Time,Data Science Manager,159000,USD,159000,US,Fully Remote,US,M
598,2022,Mid,Full Time,Data Scientist,160000,USD,160000,US,Fully Remote,US,M
549,2022,Senior,Full Time,Data Engineer,160000,USD,160000,US,Fully Remote,US,M
265,2021,Senior,Full Time,Lead Data Engineer,160000,USD,160000,PR,Partially Remote,US,S
364,2022,Senior,Full Time,Data Engineer,160000,USD,160000,US,On-site,US,L
419,2022,Mid,Full Time,Machine Learning Scientist,160000,USD,160000,US,Fully Remote,US,L
204,2021,Mid,Full Time,Data Scientist,160000,USD,160000,US,Fully Remote,US,L
555,2022,Senior,Full Time,Data Engineer,160000,USD,160000,US,Fully Remote,US,M
149,2021,Senior,Full Time,Cloud Data Engineer,160000,USD,160000,BR,Fully Remote,US,S
583,2022,Senior,Full Time,Data Engineer,160080,USD,160080,US,Fully Remote,US,M
322,2022,Senior,Full Time,Data Engineer,160080,USD,160080,US,On-site,US,M
350,2022,Senior,Full Time,Data Science Manager,161342,USD,161342,US,Fully Remote,US,M
464,2022,Senior,Full Time,Principal Data Scientist,148000,EUR,162674,DE,Fully Remote,DE,M
387,2022,Senior,Full Time,Data Analyst,164000,USD,164000,US,On-site,US,M
372,2022,Senior,Full Time,Machine Learning Engineer,164996,USD,164996,US,On-site,US,M
439,2022,Senior,Full Time,Machine Learning Engineer,164996,USD,164996,US,On-site,US,M
243,2021,Senior,Full Time,Data Scientist,165000,USD,165000,US,Fully Remote,US,L
165,2021,Senior,Full Time,Data Specialist,165000,USD,165000,US,Fully Remote,US,L
497,2022,Senior,Full Time,Data Scientist,165000,USD,165000,US,Fully Remote,US,M
207,2021,Senior,Full Time,Data Engineer,165000,USD,165000,US,On-site,US,M
315,2022,Senior,Full Time,Data Scientist,165220,USD,165220,US,Fully Remote,US,M
334,2022,Senior,Full Time,Data Engineer,165400,USD,165400,US,Fully Remote,US,M
377,2022,Senior,Full Time,Data Engineer,165400,USD,165400,US,Fully Remote,US,M
352,2022,Senior,Full Time,Data Scientist,167000,USD,167000,US,Fully Remote,US,M
336,2022,Mid,Full Time,Data Analyst,167000,USD,167000,US,Fully Remote,US,M
343,2022,Executive,Full Time,Head of Data Science,167875,USD,167875,US,Fully Remote,US,M
150,2021,Senior,Full Time,Director of Data Science,168000,USD,168000,JP,On-site,JP,S
597,2022,Senior,Full Time,Data Analyst,170000,USD,170000,US,Fully Remote,US,M
566,2022,Senior,Full Time,Data Analyst,170000,USD,170000,US,Fully Remote,US,M
170,2021,Mid,Full Time,Data Architect,170000,USD,170000,US,Fully Remote,US,L
294,2022,Mid,Full Time,Data Engineer,170000,USD,170000,US,Fully Remote,US,M
88,2021,Senior,Full Time,Lead Data Analyst,170000,USD,170000,US,Fully Remote,US,L
369,2022,Senior,Full Time,Data Scientist,170000,USD,170000,US,Fully Remote,US,M
249,2021,Senior,Full Time,Principal Data Analyst,170000,USD,170000,US,Fully Remote,US,M
328,2022,Senior,Full Time,Data Analyst,170000,USD,170000,US,Fully Remote,US,M
257,2021,Senior,Full Time,Principal Data Scientist,147000,EUR,173762,DE,Fully Remote,DE,M
175,2021,Senior,Full Time,Data Engineering Manager,174000,USD,174000,US,Fully Remote,US,L
193,2021,Senior,Full Time,Data Science Manager,174000,USD,174000,US,Fully Remote,US,L
344,2022,Executive,Full Time,Analytics Engineer,175000,USD,175000,US,Fully Remote,US,M
404,2022,Senior,Full Time,Data Engineer,175000,USD,175000,US,Fully Remote,US,M
562,2022,Senior,Full Time,Data Engineer,175100,USD,175100,US,Fully Remote,US,M
552,2022,Senior,Full Time,Data Scientist,176000,USD,176000,US,Fully Remote,US,M
525,2022,Senior,Full Time,Applied Data Scientist,177000,USD,177000,US,Fully Remote,US,L
323,2022,Senior,Full Time,Data Scientist,180000,USD,180000,US,On-site,US,L
234,2021,Mid,Full Time,Data Architect,180000,USD,180000,US,Fully Remote,US,L
423,2022,Senior,Full Time,Data Scientist,180000,USD,180000,US,On-site,US,M
409,2022,Senior,Full Time,Data Scientist,180000,USD,180000,US,Fully Remote,US,M
448,2022,Senior,Full Time,Data Engineer,180000,USD,180000,US,Fully Remote,US,M
319,2022,Senior,Full Time,Data Engineer,181940,USD,181940,US,On-site,US,M
474,2022,Mid,Full Time,Data Scientist,140000,GBP,183228,GB,On-site,GB,M
407,2022,Senior,Full Time,Data Engineer,183600,USD,183600,US,Fully Remote,US,L
561,2022,Senior,Full Time,Analytics Engineer,184700,USD,184700,US,On-site,US,M
258,2021,Senior,Full Time,Machine Learning Engineer,185000,USD,185000,US,Partially Remote,US,L
215,2021,Senior,Full Time,Principal Data Engineer,185000,USD,185000,US,Fully Remote,US,L
476,2022,Senior,Full Time,Data Scientist,185100,USD,185100,US,Fully Remote,US,M
106,2021,Mid,Full Time,Research Scientist,235000,CAD,187442,CA,Fully Remote,CA,L
47,2020,Senior,Full Time,Data Engineer,188000,USD,188000,US,Fully Remote,US,L
438,2022,Senior,Full Time,Machine Learning Engineer,189650,USD,189650,US,On-site,US,M
371,2022,Senior,Full Time,Machine Learning Engineer,189650,USD,189650,US,On-site,US,M
6,2020,Senior,Full Time,Lead Data Scientist,190000,USD,190000,US,Fully Remote,US,S
67,2020,Senior,Full Time,Data Science Manager,190200,USD,190200,US,Fully Remote,US,M
358,2022,Senior,Full Time,Data Architect,192400,USD,192400,CA,Fully Remote,CA,M
590,2022,Senior,Full Time,Data Architect,192564,USD,192564,US,Fully Remote,US,M
533,2022,Senior,Full Time,Machine Learning Engineer,192600,USD,192600,US,Fully Remote,US,M
201,2021,Senior,Full Time,Machine Learning Infrastructure Engineer,195000,USD,195000,US,Fully Remote,US,M
452,2022,Executive,Full Time,Director of Data Science,250000,CAD,196979,CA,Partially Remote,CA,L
206,2021,Senior,Full Time,Machine Learning Engineer,200000,USD,200000,US,Fully Remote,US,L
606,2022,Mid,Full Time,AI Scientist,200000,USD,200000,IN,Fully Remote,US,L
256,2021,Mid,Full Time,Data Engineer,200000,USD,200000,US,Fully Remote,US,L
490,2022,Senior,Full Time,Head of Data,200000,USD,200000,MY,Fully Remote,US,M
310,2022,Executive,Full Time,Data Engineer,200000,USD,200000,US,Fully Remote,US,M
478,2022,Mid,Full Time,Data Scientist,200000,USD,200000,US,Fully Remote,US,M
232,2021,Senior,Full Time,Director of Data Engineering,200000,USD,200000,US,Fully Remote,US,L
121,2021,Senior,Full Time,Principal Data Engineer,200000,USD,200000,US,Fully Remote,US,M
233,2021,Senior,Full Time,Data Analyst,200000,USD,200000,US,Fully Remote,US,L
119,2021,Mid,Full Time,Data Engineer,200000,USD,200000,US,Fully Remote,US,L
554,2022,Senior,Full Time,Data Engineer,200100,USD,200100,US,Fully Remote,US,M
550,2022,Senior,Full Time,Data Scientist,205300,USD,205300,US,On-site,US,L
560,2022,Senior,Full Time,Analytics Engineer,205300,USD,205300,US,On-site,US,M
558,2022,Senior,Full Time,Data Scientist,205300,USD,205300,US,On-site,US,M
542,2022,Mid,Full Time,Data Engineer,206699,USD,206699,US,On-site,US,M
378,2022,Senior,Full Time,Data Architect,208775,USD,208775,US,Fully Remote,US,M
446,2022,Senior,Full Time,Data Engineer,209100,USD,209100,US,Fully Remote,US,L
400,2022,Senior,Full Time,Data Engineer,209100,USD,209100,US,Fully Remote,US,L
574,2022,Senior,Full Time,Data Scientist,210000,USD,210000,US,Fully Remote,US,M
576,2022,Senior,Full Time,Data Scientist,210000,USD,210000,US,Fully Remote,US,M
570,2022,Senior,Full Time,Data Scientist,210000,USD,210000,US,Fully Remote,US,M
484,2022,Senior,Full Time,Data Engineer,210000,USD,210000,US,Fully Remote,US,M
596,2022,Senior,Full Time,Data Scientist,210000,USD,210000,US,Fully Remote,US,M
357,2022,Senior,Full Time,Data Scientist,211500,USD,211500,US,Fully Remote,US,M
535,2022,Senior,Full Time,Data Architect,213120,USD,213120,US,Fully Remote,US,M
532,2022,Senior,Full Time,Machine Learning Engineer,214000,USD,214000,US,Fully Remote,US,M
398,2022,Senior,Full Time,Data Scientist,215300,USD,215300,US,Fully Remote,US,L
444,2022,Senior,Full Time,Data Scientist,215300,USD,215300,US,On-site,US,L
483,2022,Executive,Full Time,Data Engineer,216000,USD,216000,US,Fully Remote,US,M
472,2022,Senior,Full Time,Data Scientist,220000,USD,220000,US,Fully Remote,US,M
138,2021,Senior,Full Time,Principal Data Scientist,220000,USD,220000,US,On-site,US,L
477,2022,Senior,Full Time,Machine Learning Engineer,220000,USD,220000,US,Fully Remote,US,M
321,2022,Senior,Full Time,Data Engineer,220110,USD,220110,US,On-site,US,M
582,2022,Senior,Full Time,Data Engineer,220110,USD,220110,US,Fully Remote,US,M
342,2022,Executive,Full Time,Head of Data Science,224000,USD,224000,US,Fully Remote,US,M
224,2021,Senior,Full Time,Machine Learning Scientist,225000,USD,225000,US,Fully Remote,CA,L
115,2021,Entry,Full Time,Machine Learning Scientist,225000,USD,225000,US,Fully Remote,US,L
486,2022,Senior,Full Time,Data Scientist,230000,USD,230000,US,Fully Remote,US,M
160,2021,Executive,Full Time,Head of Data,230000,USD,230000,RU,Partially Remote,RU,L
592,2022,Senior,Full Time,Data Scientist,230000,USD,230000,US,Fully Remote,US,M
173,2021,Senior,Full Time,Principal Data Scientist,235000,USD,235000,US,Fully Remote,US,L
74,2021,Executive,Full Time,Head of Data,235000,USD,235000,US,Fully Remote,US,L
141,2021,Senior,Full Time,Data Science Manager,240000,USD,240000,US,On-site,US,L
421,2022,Mid,Full Time,Data Science Manager,241000,USD,241000,US,Fully Remote,US,M
309,2022,Executive,Full Time,Data Engineer,242000,USD,242000,US,Fully Remote,US,M
337,2022,Senior,Full Time,Data Engineer,243900,USD,243900,US,Fully Remote,US,M
167,2021,Executive,Full Time,Director of Data Science,250000,USD,250000,US,On-site,US,L
37,2020,Entry,Full Time,Machine Learning Engineer,250000,USD,250000,US,Partially Remote,US,L
231,2021,Senior,Full Time,ML Engineer,256000,USD,256000,US,Fully Remote,US,S
1,2020,Senior,Full Time,Machine Learning Scientist,260000,USD,260000,JP,On-site,JP,S
416,2022,Senior,Full Time,Data Scientist,260000,USD,260000,US,Fully Remote,US,M
534,2022,Senior,Full Time,Data Architect,266400,USD,266400,US,Fully Remote,US,M
78,2021,Mid,Contract,ML Engineer,270000,USD,270000,US,Fully Remote,US,L
93,2021,Senior,Full Time,Lead Data Engineer,276000,USD,276000,US,On-site,US,L
482,2022,Executive,Full Time,Data Engineer,324000,USD,324000,US,Fully Remote,US,M
25,2020,Executive,Full Time,Director of Data Science,325000,USD,325000,US,Fully Remote,US,L
519,2022,Senior,Full Time,Applied Data Scientist,380000,USD,380000,US,Fully Remote,US,L
523,2022,Senior,Full Time,Data Analytics Lead,405000,USD,405000,US,Fully Remote,US,L
63,2020,Senior,Full Time,Data Scientist,412000,USD,412000,US,Fully Remote,US,L
225,2021,Executive,Contract,Principal Data Scientist,416000,USD,416000,US,Fully Remote,US,S
157,2021,Mid,Full Time,Applied Machine Learning Scientist,423000,USD,423000,US,Partially Remote,US,L
33,2020,Mid,Full Time,Research Scientist,450000,USD,450000,US,On-site,US,M
97,2021,Mid,Full Time,Financial Data Analyst,450000,USD,450000,US,Fully Remote,US,L
252,2021,Executive,Full Time,Principal Data Engineer,600000,USD,600000,US,Fully Remote,US,L
